episode,reward
1,28.0
2,10.0
3,20.0
4,10.0
5,27.0
6,34.0
7,18.0
8,14.0
9,10.0
10,17.0
11,12.0
12,13.0
13,28.0
14,21.0
15,16.0
16,10.0
17,24.0
18,11.0
19,10.0
20,27.0
21,30.0
22,24.0
23,18.0
24,10.0
25,19.0
26,31.0
27,17.0
28,15.0
29,16.0
30,15.0
31,35.0
32,49.0
33,12.0
34,34.0
35,23.0
36,21.0
37,19.0
38,10.0
39,20.0
40,19.0
41,24.0
42,40.0
43,15.0
44,17.0
45,17.0
46,14.0
47,15.0
48,81.0
49,33.0
50,12.0
51,14.0
52,15.0
53,21.0
54,12.0
55,14.0
56,11.0
57,31.0
58,19.0
59,15.0
60,11.0
61,45.0
62,13.0
63,17.0
64,27.0
65,52.0
66,24.0
67,54.0
68,9.0
69,39.0
70,75.0
71,23.0
72,103.0
73,30.0
74,29.0
75,91.0
76,16.0
77,41.0
78,10.0
79,39.0
80,27.0
81,57.0
82,15.0
83,49.0
84,121.0
85,18.0
86,28.0
87,40.0
88,156.0
89,36.0
90,62.0
91,109.0
92,17.0
93,77.0
94,105.0
95,138.0
96,105.0
97,141.0
98,154.0
99,234.0
100,161.0
101,152.0
102,260.0
103,285.0
104,332.0
105,273.0
106,265.0
107,355.0
108,171.0
109,256.0
110,239.0
111,307.0
112,215.0
113,197.0
114,181.0
115,198.0
116,193.0
117,226.0
118,218.0
119,218.0
120,211.0
121,400.0
122,337.0
123,164.0
124,168.0
125,198.0
126,203.0
127,159.0
128,185.0
129,203.0
130,274.0
131,215.0
132,209.0
133,283.0
134,198.0
135,184.0
136,230.0
137,166.0
138,164.0
139,167.0
140,224.0
141,175.0
142,168.0
143,192.0
144,175.0
145,191.0
146,284.0
147,229.0
148,326.0
149,366.0
150,160.0
151,203.0
152,256.0
153,300.0
154,341.0
155,257.0
156,199.0
157,186.0
158,193.0
159,277.0
160,462.0
161,500.0
